{
  "1": {
    "x": 400.69913136713177,
    "y": 106.07917132455876,
    "label": 66
  },
  "81": {
    "x": 441.1687493940436,
    "y": 124.44828921970434,
    "label": 48
  },
  "119": {
    "x": 420.4340827145004,
    "y": 131.2343268567812,
    "label": 28
  },
  "28": {
    "x": 347.7770112155673,
    "y": 109.41950418954359,
    "label": 25
  },
  "59": {
    "x": 344.38997236566723,
    "y": 136.6318480954321,
    "label": 34
  },
  "10": {
    "x": 386.8055209066085,
    "y": 147.886269304238,
    "label": 49
  },
  "99": {
    "x": 402.88145539906105,
    "y": 127.19999999999997,
    "label": 27
  },
  "47": {
    "x": 437.4734662224621,
    "y": 157.48590426026914,
    "label": 109
  },
  "116": {
    "x": 459.1912915964923,
    "y": 130.00081983080705,
    "label": 61
  },
  "96": {
    "x": 406.4189831204144,
    "y": 166.40992423853746,
    "label": 77
  },
  "78": {
    "x": 434.2127175368138,
    "y": 195.2293618920124,
    "label": 4
  },
  "71": {
    "x": 435.3844892812106,
    "y": 233.25056746532152,
    "label": 7
  },
  "13": {
    "x": 448.7234831440121,
    "y": 281.049857628028,
    "label": 114
  },
  "56": {
    "x": 441.71815784720343,
    "y": 316.45989638460253,
    "label": 15
  },
  "6": {
    "x": 501.7666666666667,
    "y": 342.1333333333332,
    "label": 100
  },
  "3": {
    "x": 312.8436750875818,
    "y": 155.89939038666574,
    "label": 8
  },
  "18": {
    "x": 309.36510723238445,
    "y": 195.9882115301907,
    "label": 23
  },
  "79": {
    "x": 349.8670844976361,
    "y": 166.7026541712799,
    "label": 63
  },
  "64": {
    "x": 337.3182185707573,
    "y": 195.44572723858275,
    "label": 108
  },
  "61": {
    "x": 362.5564330522574,
    "y": 191.80453752088533,
    "label": 75
  },
  "46": {
    "x": 390.80486714339014,
    "y": 192.76326237985566,
    "label": 2
  },
  "89": {
    "x": 415.24125655192995,
    "y": 198.09852855210607,
    "label": 19
  },
  "19": {
    "x": 412.99061698314864,
    "y": 320.24535121009177,
    "label": 106
  },
  "21": {
    "x": 439.48736915780466,
    "y": 364.64434473857096,
    "label": 35
  },
  "0": {
    "x": 402.00533163371335,
    "y": 275.50950493952035,
    "label": 9
  },
  "50": {
    "x": 370.62384240318875,
    "y": 313.747843666413,
    "label": 38
  },
  "30": {
    "x": 342.0797725344377,
    "y": 318.4835919982764,
    "label": 93
  },
  "17": {
    "x": 316.05622652948574,
    "y": 314.4737207155848,
    "label": 54
  },
  "5": {
    "x": 315.0866605476103,
    "y": 271.9120003413597,
    "label": 64
  },
  "66": {
    "x": 342.0254049415664,
    "y": 282.38139217237614,
    "label": 115
  },
  "15": {
    "x": 279.8368366079944,
    "y": 322.2245325148013,
    "label": 81
  },
  "58": {
    "x": 312.21041464146407,
    "y": 357.15139273927383,
    "label": 94
  },
  "113": {
    "x": 282.6333333333333,
    "y": 287.79999999999995,
    "label": 20
  },
  "107": {
    "x": 265.3666666666666,
    "y": 287.79999999999995,
    "label": 112
  },
  "117": {
    "x": 257.13333333333327,
    "y": 306.3999999999999,
    "label": 52
  },
  "44": {
    "x": 474.5768152895506,
    "y": 354.4777359704131,
    "label": 89
  },
  "82": {
    "x": 526.8698013245032,
    "y": 361.8331125827814,
    "label": 12
  },
  "24": {
    "x": 473.0484285547377,
    "y": 394.9798248432447,
    "label": 18
  },
  "32": {
    "x": 467.94573423163104,
    "y": 440.6482517011477,
    "label": 74
  },
  "88": {
    "x": 469.80577933450087,
    "y": 473.7819614711033,
    "label": 13
  },
  "60": {
    "x": 444.0095639662403,
    "y": 403.3335191521466,
    "label": 83
  },
  "45": {
    "x": 442.8085835396021,
    "y": 439.36500409470267,
    "label": 10
  },
  "91": {
    "x": 443.49999999999994,
    "y": 476.4,
    "label": 73
  },
  "29": {
    "x": 415.4776167862502,
    "y": 395.0951455950278,
    "label": 50
  },
  "74": {
    "x": 419.66950637924936,
    "y": 438.66970079852285,
    "label": 95
  },
  "90": {
    "x": 409.78270226632816,
    "y": 354.9471311556108,
    "label": 87
  },
  "87": {
    "x": 417.6356371490279,
    "y": 472.0800117808756,
    "label": 80
  },
  "49": {
    "x": 411.3780082422739,
    "y": 233.896704654976,
    "label": 99
  },
  "108": {
    "x": 364.36666666666656,
    "y": 286.4666666666665,
    "label": 101
  },
  "8": {
    "x": 361.88729053632295,
    "y": 238.52311159062933,
    "label": 120
  },
  "73": {
    "x": 335.5420083166033,
    "y": 239.1692062610216,
    "label": 46
  },
  "115": {
    "x": 497.70000000000005,
    "y": 364.6999999999999,
    "label": 79
  },
  "109": {
    "x": 555.6666666666665,
    "y": 358.1999999999999,
    "label": 58
  },
  "106": {
    "x": 578.4910909777271,
    "y": 364.06602491506214,
    "label": 96
  },
  "92": {
    "x": 608.0849509986746,
    "y": 397.50937758992217,
    "label": 16
  },
  "105": {
    "x": 622.8761380805248,
    "y": 405.6493929639084,
    "label": 24
  },
  "101": {
    "x": 607.3528865614247,
    "y": 378.285696215341,
    "label": 70
  },
  "27": {
    "x": 576.804641041911,
    "y": 393.34034354349717,
    "label": 31
  },
  "41": {
    "x": 550.0876189017109,
    "y": 396.22307019875893,
    "label": 104
  },
  "114": {
    "x": 535.1666666666664,
    "y": 376.93333333333317,
    "label": 21
  },
  "20": {
    "x": 506.3745395375078,
    "y": 390.9002557169362,
    "label": 14
  },
  "102": {
    "x": 525.0438440779028,
    "y": 409.5396988857604,
    "label": 56
  },
  "11": {
    "x": 598.9114842406877,
    "y": 443.2032248529633,
    "label": 102
  },
  "84": {
    "x": 584.6912863070539,
    "y": 475.4993084370678,
    "label": 6
  },
  "98": {
    "x": 620.9177528089886,
    "y": 476.61340823970045,
    "label": 37
  },
  "36": {
    "x": 622.030542293933,
    "y": 443.0679498272999,
    "label": 116
  },
  "22": {
    "x": 572.2502035106311,
    "y": 441.2707834723574,
    "label": 105
  },
  "54": {
    "x": 384.62177304575846,
    "y": 355.02793507811305,
    "label": 98
  },
  "2": {
    "x": 386.8292964149473,
    "y": 400.10303352595975,
    "label": 1
  },
  "93": {
    "x": 363.73583788403477,
    "y": 350.18370848872314,
    "label": 17
  },
  "67": {
    "x": 386.91471630250163,
    "y": 476.2787496831394,
    "label": 91
  },
  "16": {
    "x": 387.98113230954084,
    "y": 446.90450684269615,
    "label": 88
  },
  "94": {
    "x": 492.68586261580833,
    "y": 474.52464401969786,
    "label": 53
  },
  "12": {
    "x": 522.3803611446218,
    "y": 443.39819670176655,
    "label": 110
  },
  "48": {
    "x": 494.03577315863794,
    "y": 438.1511432918486,
    "label": 82
  },
  "70": {
    "x": 522.3014794685993,
    "y": 476.41829465334894,
    "label": 29
  },
  "85": {
    "x": 549.7535921238474,
    "y": 436.851303744767,
    "label": 65
  },
  "95": {
    "x": 551.7918935837245,
    "y": 474.4056025039123,
    "label": 41
  },
  "26": {
    "x": 233.81137908213105,
    "y": 437.3931750597495,
    "label": 45
  },
  "80": {
    "x": 256.7301683812538,
    "y": 450.07815286204186,
    "label": 30
  },
  "40": {
    "x": 206.52115518566305,
    "y": 440.78723405848933,
    "label": 60
  },
  "75": {
    "x": 247.7851447055915,
    "y": 476.4930696069897,
    "label": 59
  },
  "39": {
    "x": 211.67428139183053,
    "y": 472.07678013111445,
    "label": 55
  },
  "31": {
    "x": 254.57720155098062,
    "y": 400.54791048441984,
    "label": 86
  },
  "37": {
    "x": 177.3023113332902,
    "y": 439.2466244334791,
    "label": 3
  },
  "7": {
    "x": 149.47000301796533,
    "y": 440.02980728135685,
    "label": 42
  },
  "65": {
    "x": 154.05071110233445,
    "y": 476.70994846298896,
    "label": 118
  },
  "14": {
    "x": 117.90514599236643,
    "y": 437.34492016539434,
    "label": 113
  },
  "77": {
    "x": 118.9667357548976,
    "y": 475.24662868986553,
    "label": 119
  },
  "100": {
    "x": 184.1865836791148,
    "y": 475.49930843706767,
    "label": 90
  },
  "9": {
    "x": 187.73821290453898,
    "y": 394.5544026053327,
    "label": 84
  },