{
  "2": {
    "x": 370.8266294680177,
    "y": 200.4992347185713,
    "label": 11
  },
  "73": {
    "x": 381.3666666666668,
    "y": 232.56666666666666,
    "label": 4
  },
  "41": {
    "x": 352.18346573571563,
    "y": 236.71238330338397,
    "label": 81
  },
  "63": {
    "x": 395.86666666666684,
    "y": 239.9,
    "label": 19
  },
  "14": {
    "x": 396.58772023491736,
    "y": 261.71497419469665,
    "label": 89
  },
  "15": {
    "x": 345.20139219339734,
    "y": 261.7267488414314,
    "label": 59
  },
  "30": {
    "x": 381.55376593279254,
    "y": 284.8621089223639,
    "label": 72
  },
  "22": {
    "x": 337.015027027027,
    "y": 288.33470270270277,
    "label": 82
  },
  "40": {
    "x": 407.85322605016626,
    "y": 292.5196056210336,
    "label": 26
  },
  "21": {
    "x": 380.33220993263285,
    "y": 314.4893845004065,
    "label": 32
  },
  "13": {
    "x": 417.9435133124055,
    "y": 322.0398118823393,
    "label": 90
  },
  "66": {
    "x": 343.7000000000001,
    "y": 307.36666666666673,
    "label": 91
  },
  "55": {
    "x": 336.8000000000001,
    "y": 328.23333333333335,
    "label": 61
  },
  "45": {
    "x": 384.073299030125,
    "y": 385.89764098844057,
    "label": 63
  },
  "11": {
    "x": 376.33121991013724,
    "y": 348.97116931478587,
    "label": 79
  },
  "44": {
    "x": 357.6174129475283,
    "y": 385.8318313677148,
    "label": 68
  },
  "53": {
    "x": 368.1109201213348,
    "y": 421.7027637344118,
    "label": 88
  },
  "7": {
    "x": 388.3977011069171,
    "y": 429.66685100217524,
    "label": 24
  },
  "4": {
    "x": 342.91497562246315,
    "y": 425.80042006895854,
    "label": 18
  },
  "39": {
    "x": 269.4466132773083,
    "y": 236.63644407295294,
    "label": 3
  },
  "17": {
    "x": 306.4424228792007,
    "y": 231.47514575223389,
    "label": 38
  },
  "64": {
    "x": 272.1333333333333,
    "y": 257.03333333333336,
    "label": 85
  },
  "81": {
    "x": 310.9483578360719,
    "y": 197.24948400115312,
    "label": 31
  },
  "16": {
    "x": 328.09427379351234,
    "y": 205.44010296903696,
    "label": 67
  },
  "52": {
    "x": 170.93333333333334,
    "y": 292.1333333333333,
    "label": 46
  },
  "34": {
    "x": 209.04533077288,
    "y": 290.50327890256705,
    "label": 71
  },
  "3": {
    "x": 151.38432119897615,
    "y": 321.36325260198043,
    "label": 47
  },
  "32": {
    "x": 244.11534274279933,
    "y": 262.6636088472975,
    "label": 54
  },
  "27": {
    "x": 97.11626066241448,
    "y": 319.10112526990355,
    "label": 22
  },
  "18": {
    "x": 280.87922068874354,
    "y": 289.0575151814863,
    "label": 9
  },
  "47": {
    "x": 277.2234189097686,
    "y": 307.2632415602198,
    "label": 86
  },
  "88": {
    "x": 309.1666666666666,
    "y": 287.8666666666666,
    "label": 49
  },
  "50": {
    "x": 244.59883105080374,
    "y": 286.7700439911645,
    "label": 6
  },
  "28": {
    "x": 299.73862385447023,
    "y": 261.66984845226716,
    "label": 28
  },
  "1": {
    "x": 238.73943470062528,
    "y": 323.5200371814242,
    "label": 43
  },
  "43": {
    "x": 313.7830849615484,
    "y": 317.343109982706,
    "label": 52
  },
  "61": {
    "x": 196.156752243102,
    "y": 307.2299082268865,
    "label": 55
  },
  "54": {
    "x": 258.05890044576523,
    "y": 352.7995146111936,
    "label": 75
  },
  "25": {
    "x": 270.9883929574665,
    "y": 379.26089238845145,
    "label": 8
  },
  "5": {
    "x": 216.90510635049296,
    "y": 357.21235782324834,
    "label": 41
  },
  "87": {
    "x": 281.7333333333333,
    "y": 362.1666666666667,
    "label": 5
  },
  "0": {
    "x": 321.0386461330806,
    "y": 356.03703772159037,
    "label": 30
  },
  "69": {
    "x": 177.08294390685236,
    "y": 348.49538509952026,
    "label": 36
  },
  "70": {
    "x": 234.82181447502555,
    "y": 379.3430173292558,
    "label": 53
  },
  "75": {
    "x": 180.3181322819521,
    "y": 370.57125736093207,
    "label": 2
  },
  "62": {
    "x": 159.84509064911987,
    "y": 351.67511383197285,
    "label": 65
  },
  "77": {
    "x": 347.6663550988841,
    "y": 461.6386321953374,
    "label": 94
  },
  "93": {
    "x": 330.9,
    "y": 449.9333333333332,
    "label": 69
  },
  "42": {
    "x": 423.1201558269684,
    "y": 211.15350913294517,
    "label": 37
  },
  "20": {
    "x": 457.5702337289292,
    "y": 230.8453728954346,
    "label": 50
  },
  "91": {
    "x": 452.9305968156137,
    "y": 210.2737442218798,
    "label": 57
  },
  "49": {
    "x": 425.2310511129151,
    "y": 236.58374045853597,
    "label": 76
  },
  "65": {
    "x": 469.5000000000001,
    "y": 257.03333333333336,
    "label": 93
  },
  "86": {
    "x": 488.0666666666667,
    "y": 239.63333333333335,
    "label": 39
  },
  "84": {
    "x": 512.1333333333332,
    "y": 264.4,
    "label": 44
  },
  "83": {
    "x": 533.6466992665036,
    "y": 280.24849225753877,
    "label": 74
  },
  "23": {
    "x": 498.58168595177693,
    "y": 286.8349734958646,
    "label": 56
  },
  "82": {
    "x": 554.8333333333331,
    "y": 290.6333333333334,
    "label": 51
  },
  "71": {
    "x": 582.8,
    "y": 295.5333333333334,
    "label": 12
  },
  "59": {
    "x": 537.8672212319269,
    "y": 296.6160625866509,
    "label": 16
  },
  "68": {
    "x": 604.3599404897278,
    "y": 307.0041623076341,
    "label": 7
  },
  "79": {
    "x": 648.1666666666667,
    "y": 328.4,
    "label": 45
  },
  "57": {
    "x": 644.9383602204457,
    "y": 318.9663696189957,
    "label": 40
  },
  "90": {
    "x": 620.1666666666667,
    "y": 335.26666666666665,
    "label": 58
  },
  "67": {
    "x": 442.04922325787845,
    "y": 282.3030302346401,
    "label": 70
  },
  "29": {
    "x": 442.14238304012446,
    "y": 261.72816286512386,
    "label": 35
  },
  "38": {
    "x": 459.7072386545077,
    "y": 293.27956007481964,
    "label": 10
  },
  "51": {
    "x": 462.43333333333334,
    "y": 307.70000000000005,
    "label": 1
  },
  "12": {
    "x": 494.8671513769097,
    "y": 317.5743120542822,
    "label": 87
  },
  "58": {
    "x": 543.4999999999999,
    "y": 307.6666666666668,
    "label": 73
  },
  "6": {
    "x": 470.31652536352016,
    "y": 350.9692429624717,
    "label": 77
  },
  "37": {
    "x": 457.1525197861687,
    "y": 381.0347369787549,
    "label": 29
  },
  "56": {
    "x": 511.46666666666664,
    "y": 350.7,
    "label": 21
  },
  "9": {
    "x": 566.2151772856254,
    "y": 351.6302102772546,
    "label": 64
  },
  "36": {
    "x": 521.3333333333333,
    "y": 361.56666666666666,
    "label": 92
  },
  "76": {
    "x": 394.09898591310247,
    "y": 461.7738214952477,
    "label": 14
  },
  "8": {
    "x": 425.6167770510238,
    "y": 412.8285532093402,
    "label": 95
  },
  "92": {
    "x": 410.7333333333333,
    "y": 449.93333333333334,
    "label": 42
  },
  "85": {
    "x": 428.7577950301841,
    "y": 382.77572380108495,
    "label": 78
  },
  "33": {
    "x": 418.7818204307559,
    "y": 369.8764151089258,
    "label": 33
  },
  "80": {
    "x": 278.5666666666668,
    "y": 341.6000000000001,
    "label": 80
  },
  "60": {
    "x": 271.77140686596584,
    "y": 406.626782194481,
    "label": 62
  },
  "74": {
    "x": 294.5900760688993,
    "y": 416.9052898487366,
    "label": 25
  },
  "89": {
    "x": 299.4666666666667,
    "y": 429.1333333333333,
    "label": 20
  },
  "72": {
    "x": 601.5,
    "y": 328.33333333333337,
    "label": 17
  },
  "26": {
    "x": 511.4244051076225,
    "y": 330.3909249836017,
    "label": 27
  },
  "19": {
    "x": 578.7031270205792,
    "y": 319.6622204633119,
    "label": 83
  },
  "94": {
    "x": 241.50000000000003,
    "y": 388.4666666666667,
    "label": 15
  },
  "10": {
    "x": 305.15807009505886,
    "y": 399.927336123597,
    "label": 34
  },
  "46": {
    "x": 407.0137528985128,
    "y": 196.5077693219659,
    "label": 23
  },
  "48": {
    "x": 492.9861489735124,
    "y": 262.1293432675907,
    "label": 60
  },
  "78": {
    "x": 640.4333333333335,
    "y": 309.6,
    "label": 48
  },
  "24": {
    "x": 409.3316710462861,