{
  "69": {
    "x": 354.0984219858155,
    "y": 83.94400202634246,
    "label": 33
  },
  "51": {
    "x": 346.2774136544839,
    "y": 135.33900316013978,
    "label": 23
  },
  "20": {
    "x": 346.7557593761698,
    "y": 179.2326628119909,
    "label": 42
  },
  "81": {
    "x": 172.42775152199442,
    "y": 410.48921179110675,
    "label": 57
  },
  "27": {
    "x": 203.88255733575843,
    "y": 395.56931460769556,
    "label": 12
  },
  "64": {
    "x": 163.2128797000133,
    "y": 416.8273915626599,
    "label": 79
  },
  "86": {
    "x": 197.16666666666663,
    "y": 416.5333333333332,
    "label": 20
  },
  "49": {
    "x": 230.21495874062424,
    "y": 416.6672580708446,
    "label": 70
  },
  "34": {
    "x": 220.45626566180078,
    "y": 430.7136162047402,
    "label": 65
  },
  "79": {
    "x": 260.56334243072524,
    "y": 420.86025686984067,
    "label": 72
  },
  "32": {
    "x": 281.48396657757314,
    "y": 400.94779988615846,
    "label": 46
  },
  "21": {
    "x": 571.905072244693,
    "y": 470.11933194275923,
    "label": 27
  },
  "53": {
    "x": 623.241898060267,
    "y": 465.33635138276986,
    "label": 82
  },
  "88": {
    "x": 647.2666666666665,
    "y": 461.2666666666667,
    "label": 30
  },
  "8": {
    "x": 517.4319010896298,
    "y": 472.25360405123917,
    "label": 89
  },
  "41": {
    "x": 617.4665980329921,
    "y": 440.086781906157,
    "label": 75
  },
  "66": {
    "x": 644.0553285435357,
    "y": 448.73050922440166,
    "label": 85
  },
  "84": {
    "x": 557.7103296150956,
    "y": 455.62871944154875,
    "label": 38
  },
  "82": {
    "x": 482.60985832078507,
    "y": 469.63438824000156,
    "label": 41
  },
  "4": {
    "x": 122.15990151200782,
    "y": 438.2586154058957,
    "label": 6
  },
  "63": {
    "x": 155.43794508009157,
    "y": 432.10970709382144,
    "label": 56
  },
  "19": {
    "x": 180.78065905858423,
    "y": 444.2440790930346,
    "label": 77
  },
  "0": {
    "x": 218.36223663992934,
    "y": 464.443569641339,
    "label": 18
  },
  "36": {
    "x": 263.6625919103541,
    "y": 442.5868678724791,
    "label": 86
  },
  "87": {
    "x": 284.6666666666667,
    "y": 450.6666666666667,
    "label": 68
  },
  "33": {
    "x": 338.4787353645447,
    "y": 447.870697382545,
    "label": 17
  },
  "25": {
    "x": 280.71521148510095,
    "y": 478.57774280463406,
    "label": 29
  },
  "1": {
    "x": 326.6561882685577,
    "y": 476.2885762230057,
    "label": 36
  },
  "77": {
    "x": 376.7698930683106,
    "y": 451.8575083494444,
    "label": 88
  },
  "57": {
    "x": 404.9390056953982,
    "y": 447.56789365321896,
    "label": 50
  },
  "5": {
    "x": 417.13257918762866,
    "y": 477.9020774032018,
    "label": 34
  },
  "23": {
    "x": 369.60042374796217,
    "y": 472.4340258053465,
    "label": 48
  },
  "18": {
    "x": 449.97006540121157,
    "y": 439.0355217584802,
    "label": 10
  },
  "70": {
    "x": 467.1130393669436,
    "y": 449.5851584576169,
    "label": 1
  },
  "17": {
    "x": 516.5425837534121,
    "y": 441.6671748625773,
    "label": 24
  },
  "78": {
    "x": 467.1666666666664,
    "y": 454.9666666666669,
    "label": 45
  },
  "62": {
    "x": 549.4629724960928,
    "y": 444.75948797147026,
    "label": 47
  },
  "35": {
    "x": 570.4572726740736,
    "y": 427.5178628813148,
    "label": 78
  },
  "46": {
    "x": 596.2133679526285,
    "y": 444.98432424148206,
    "label": 61
  },
  "73": {
    "x": 569.6975259325021,
    "y": 450.3714898880623,
    "label": 21
  },
  "15": {
    "x": 459.13228628898673,
    "y": 471.00984581031304,
    "label": 51
  },
  "80": {
    "x": 606.6964023128475,
    "y": 461.0997444427897,
    "label": 28
  },
  "72": {
    "x": 542.2566836831159,
    "y": 419.20864867784906,
    "label": 40
  },
  "61": {
    "x": 529.4673929122299,
    "y": 406.9075367489918,
    "label": 22
  },
  "30": {
    "x": 506.7400662816912,
    "y": 398.39890864781825,
    "label": 66
  },
  "43": {
    "x": 499.8760531297686,
    "y": 423.9402344757633,
    "label": 44
  },
  "24": {
    "x": 480.9706247344624,
    "y": 394.5403619118872,
    "label": 16
  },
  "74": {
    "x": 458.02218265796597,
    "y": 376.1756024687364,
    "label": 74
  },
  "38": {
    "x": 437.3737215732012,
    "y": 384.6374063424595,
    "label": 14
  },
  "60": {
    "x": 395.2468670498809,
    "y": 366.4986361270386,
    "label": 2
  },
  "2": {
    "x": 404.55150398668957,
    "y": 403.1436769401537,
    "label": 3
  },
  "42": {
    "x": 356.8292435786662,
    "y": 383.88603670829724,
    "label": 19
  },
  "85": {
    "x": 375.16069943501714,
    "y": 373.2879100568495,
    "label": 49
  },
  "14": {
    "x": 331.05392663729094,
    "y": 361.3805014147204,
    "label": 83
  },
  "3": {
    "x": 315.6621626751746,
    "y": 402.0699759702758,
    "label": 64
  },
  "12": {
    "x": 363.22143648378,
    "y": 409.84314271075704,
    "label": 81
  },
  "10": {
    "x": 229.82917796524396,
    "y": 355.492282836644,
    "label": 32
  },
  "59": {
    "x": 195.56473450276172,
    "y": 359.3688416711483,
    "label": 52
  },
  "37": {
    "x": 204.13164848621722,
    "y": 333.98500006199623,
    "label": 37
  },
  "65": {
    "x": 233.19051567840683,
    "y": 401.52698469311935,
    "label": 87
  },
  "6": {
    "x": 256.2734472839222,
    "y": 381.2583283996536,
    "label": 71
  },
  "47": {
    "x": 283.19998820189505,
    "y": 357.03120180904284,
    "label": 80
  },
  "7": {
    "x": 297.3418392301877,
    "y": 331.33476717395433,
    "label": 25
  },
  "39": {
    "x": 308.62446797862674,
    "y": 297.32525831139037,
    "label": 7
  },
  "40": {
    "x": 313.6764157764931,
    "y": 263.2145570238696,
    "label": 11
  },
  "28": {
    "x": 347.4668830237188,
    "y": 337.0967603831298,
    "label": 8
  },
  "52": {
    "x": 371.6973291800401,
    "y": 347.5832644357023,
    "label": 9
  },
  "22": {
    "x": 339.54273359172294,
    "y": 261.3764203423128,
    "label": 76
  },
  "13": {
    "x": 340.6638062029247,
    "y": 301.4002574154699,
    "label": 84
  },
  "9": {
    "x": 379.14036387042734,
    "y": 304.3313071778843,
    "label": 54
  },
  "54": {
    "x": 402.93550779877904,
    "y": 315.1240672191314,
    "label": 69
  },
  "56": {
    "x": 420.06758344989305,
    "y": 295.18602788535657,
    "label": 26
  },
  "71": {
    "x": 403.9666666666665,
    "y": 283.0666666666665,
    "label": 63
  },
  "11": {
    "x": 390.4998111842071,
    "y": 255.03220587995216,
    "label": 73
  },
  "50": {
    "x": 365.947331500458,
    "y": 266.35247021577914,
    "label": 15
  },
  "83": {
    "x": 385.48286640648803,
    "y": 344.3717463298216,
    "label": 5
  },
  "26": {
    "x": 338.18589061226334,
    "y": 223.38066351325813,
    "label": 13
  },
  "16": {
    "x": 370.9473056625714,
    "y": 217.74045055986616,
    "label": 58
  },
  "76": {
    "x": 344.5543838219326,
    "y": 79.25796608545737,
    "label": 43
  },
  "58": {
    "x": 134.23333333333326,
    "y": 459.6000000000001,
    "label": 67
  },
  "44": {
    "x": 137.5515479942023,
    "y": 474.26982178969695,
    "label": 59
  },
  "55": {
    "x": 165.52537252975173,
    "y": 471.29989534433435,
    "label": 39
  },
  "45": {
    "x": 218.97533953546258,
    "y": 485.39274534679697,
    "label": 53
  },
  "31": {
    "x": 315.3395798642247,
    "y": 436.03590672595425,
    "label": 55
  },
  "75": {
    "x": 352.73333333333346,
    "y": 432.49999999999994,
    "label": 31
  },
  "48": {
    "x": 396.9852294181743,
    "y": 433.8696701945174,
    "label": 60
  },
  "68": {
    "x": 261.07615870222924,
    "y": 470.31954346455376,
    "label": 35
  },
  "29": {
    "x": 451.9261624436457,
    "y": 411.0423637533877,
    "label": 4
  },
  "67": {
    "x": 365.85552412788195,
    "y": 187.2187708922602,
    "label": 62
  }
}