{
  "35": {
    "x": 627.076956819397,
    "y": 300.03981138534084,
    "label": 87
  },
  "96": {
    "x": 633.9666666666667,
    "y": 317.7,
    "label": 3
  },
  "72": {
    "x": 627.3613075727013,
    "y": 227.755018700622,
    "label": 54
  },
  "79": {
    "x": 606.0127032579984,
    "y": 224.67311156768744,
    "label": 15
  },
  "60": {
    "x": 607.1565330041594,
    "y": 305.27495579943536,
    "label": 63
  },
  "95": {
    "x": 619.9666666666667,
    "y": 320.7333333333334,
    "label": 7
  },
  "28": {
    "x": 582.2788898331139,
    "y": 300.9316480642809,
    "label": 23
  },
  "13": {
    "x": 499.8198946215552,
    "y": 300.9303594939055,
    "label": 93
  },
  "37": {
    "x": 527.5638703646976,
    "y": 301.5215111027327,
    "label": 22
  },
  "84": {
    "x": 492.52985538684004,
    "y": 325.6813467100506,
    "label": 33
  },
  "97": {
    "x": 511.1,
    "y": 321.23333333333335,
    "label": 16
  },
  "57": {
    "x": 472.41492733179047,
    "y": 330.41365498504837,
    "label": 1
  },
  "42": {
    "x": 524.3789856446399,
    "y": 245.4831447108334,
    "label": 37
  },
  "69": {
    "x": 515.6254893658313,
    "y": 226.38002443521142,
    "label": 34
  },
  "41": {
    "x": 488.2404471557699,
    "y": 222.37706729694332,
    "label": 84
  },
  "48": {
    "x": 550.5705864663255,
    "y": 241.52867662517727,
    "label": 61
  },
  "94": {
    "x": 540.0,
    "y": 226.7,
    "label": 58
  },
  "18": {
    "x": 465.2197709246667,
    "y": 299.17369971765345,
    "label": 4
  },
  "27": {
    "x": 446.8439756621479,
    "y": 214.9644658451271,
    "label": 8
  },
  "8": {
    "x": 420.5765942604686,
    "y": 211.1412924172647,
    "label": 98
  },
  "43": {
    "x": 465.2243222834704,
    "y": 218.8937721243241,
    "label": 53
  },
  "20": {
    "x": 442.93716590308645,
    "y": 334.51860788810166,
    "label": 51
  },
  "34": {
    "x": 391.2729971475724,
    "y": 208.46728141724617,
    "label": 73
  },
  "81": {
    "x": 414.64672313126704,
    "y": 342.7628864544605,
    "label": 49
  },
  "65": {
    "x": 385.75282898403844,
    "y": 353.3377373532641,
    "label": 96
  },
  "86": {
    "x": 457.9393816014634,
    "y": 266.8947276804154,
    "label": 77
  },
  "2": {
    "x": 422.2828872346805,
    "y": 252.49536578631552,
    "label": 11
  },
  "89": {
    "x": 434.0,
    "y": 271.4666666666667,
    "label": 40
  },
  "30": {
    "x": 387.1716840843441,
    "y": 250.20902057908714,
    "label": 74
  },
  "0": {
    "x": 416.5959085450963,
    "y": 304.3280240829297,
    "label": 32
  },
  "11": {
    "x": 384.0095508134515,
    "y": 300.4326291707416,
    "label": 82
  },
  "70": {
    "x": 456.17868653405804,
    "y": 247.08312275619423,
    "label": 24
  },
  "74": {
    "x": 446.5658904882868,
    "y": 311.34682472480944,
    "label": 76
  },
  "25": {
    "x": 363.6857682447705,
    "y": 345.7415510014209,
    "label": 12
  },
  "7": {
    "x": 341.4847413276951,
    "y": 214.13298673033194,
    "label": 25
  },
  "10": {
    "x": 300.9418929303578,
    "y": 215.9093746851754,
    "label": 35
  },
  "39": {
    "x": 278.6289274128519,
    "y": 212.255512865725,
    "label": 10
  },
  "64": {
    "x": 372.97832628960225,
    "y": 212.02616071696193,
    "label": 88
  },
  "9": {
    "x": 331.57070028192743,
    "y": 249.45281333376542,
    "label": 65
  },
  "5": {
    "x": 353.9218913793689,
    "y": 265.0815823706786,
    "label": 42
  },
  "32": {
    "x": 281.12349444696696,
    "y": 334.43599021282427,
    "label": 55
  },
  "24": {
    "x": 307.6961590560188,
    "y": 335.6585580071507,
    "label": 13
  },
  "19": {
    "x": 298.57048286639605,
    "y": 296.0076142981912,
    "label": 86
  },
  "6": {
    "x": 331.97119370719565,
    "y": 303.057036512233,
    "label": 80
  },
  "23": {
    "x": 301.6016078668191,
    "y": 253.85804191267113,
    "label": 57
  },
  "3": {
    "x": 268.30150611120627,
    "y": 257.4993545772509,
    "label": 48
  },
  "15": {
    "x": 270.4314418717194,
    "y": 298.43131112742554,
    "label": 60
  },
  "66": {
    "x": 310.53187118510573,
    "y": 185.15190589745274,
    "label": 94
  },
  "1": {
    "x": 233.07133027469496,
    "y": 268.6586833718964,
    "label": 44
  },
  "22": {
    "x": 210.71283092286163,
    "y": 254.81916134774653,
    "label": 85
  },
  "50": {
    "x": 237.76597075196392,
    "y": 305.33243932544775,
    "label": 14
  },
  "44": {
    "x": 230.5582621072698,
    "y": 212.32529889405131,
    "label": 70
  },
  "91": {
    "x": 217.43333333333334,
    "y": 231.26666666666665,
    "label": 50
  },
  "83": {
    "x": 232.92453074433655,
    "y": 189.17190938511328,
    "label": 83
  },
  "31": {
    "x": 211.2002945127987,
    "y": 187.65669583510112,
    "label": 67
  },
  "73": {
    "x": 213.3418091918619,
    "y": 211.87449947312962,
    "label": 29
  },
  "61": {
    "x": 196.97771408399163,
    "y": 173.86557458812254,
    "label": 26
  },
  "36": {
    "x": 230.01508188460568,
    "y": 342.7186355795879,
    "label": 95
  },
  "90": {
    "x": 217.46666666666673,
    "y": 309.0,
    "label": 47
  },
  "14": {
    "x": 208.45885786593223,
    "y": 345.8126165972601,
    "label": 92
  },
  "45": {
    "x": 132.9510678034917,
    "y": 78.51801246686249,
    "label": 64
  },
  "56": {
    "x": 98.6833967606126,
    "y": 64.23100215101208,
    "label": 56
  },
  "80": {
    "x": 192.149625619851,
    "y": 244.71634628682062,
    "label": 71
  },
  "87": {
    "x": 178.43333333333334,
    "y": 249.16666666666666,
    "label": 20
  },
  "12": {
    "x": 161.50914393449136,
    "y": 216.9505940650772,
    "label": 90
  },
  "33": {
    "x": 179.84791087197723,
    "y": 123.10657402763212,
    "label": 5
  },
  "4": {
    "x": 160.72415401253085,
    "y": 168.672189053857,
    "label": 19
  },
  "59": {
    "x": 164.76666666666665,
    "y": 125.0,
    "label": 18
  },
  "62": {
    "x": 159.28801647376733,
    "y": 91.09378229232797,
    "label": 66
  },
  "78": {
    "x": 142.40313725490194,
    "y": 209.54901960784312,
    "label": 17
  },
  "49": {
    "x": 131.8763977298769,
    "y": 463.45699168250644,
    "label": 79
  },
  "55": {
    "x": 98.67061120246943,
    "y": 476.2136764935554,
    "label": 62
  },
  "26": {
    "x": 168.68766466413283,
    "y": 381.0543749233724,
    "label": 28
  },
  "75": {
    "x": 169.18616388747049,
    "y": 402.74783973986496,
    "label": 41
  },
  "82": {
    "x": 184.23333333333332,
    "y": 408.96666666666675,
    "label": 46
  },
  "67": {
    "x": 180.7159175433004,
    "y": 426.2937732440761,
    "label": 72
  },
  "38": {
    "x": 160.21536122470377,
    "y": 436.71953465039155,
    "label": 31
  },
  "76": {
    "x": 162.2263381086712,
    "y": 453.47259251064776,
    "label": 30
  },
  "17": {
    "x": 155.41185456137862,
    "y": 350.17740283269575,
    "label": 39
  },
  "68": {
    "x": 141.3076010072252,
    "y": 337.6908906856977,
    "label": 59
  },
  "71": {
    "x": 203.04918841085612,
    "y": 288.2994972413726,
    "label": 68
  },
  "40": {
    "x": 188.58603856383533,
    "y": 306.7658015273551,
    "label": 6
  },
  "29": {
    "x": 166.0716657490671,
    "y": 309.5919862971799,
    "label": 36
  },
  "54": {
    "x": 628.0806391989594,
    "y": 244.9236591342227,
    "label": 78
  },
  "52": {
    "x": 604.3954955032937,
    "y": 242.88655691067467,
    "label": 38
  },
  "46": {
    "x": 578.7099118621145,
    "y": 240.06394620028635,
    "label": 45
  },
  "93": {
    "x": 575.3333333333334,
    "y": 228.29999999999998,
    "label": 43
  },
  "51": {
    "x": 550.484299680137,
    "y": 298.41338074965086,
    "label": 9
  },
  "47": {
    "x": 496.8735810758664,
    "y": 245.04099508631114,
    "label": 89
  },
  "77": {
    "x": 473.2958058628525,
    "y": 245.64893284165828,
    "label": 97
  },
  "16": {
    "x": 357.9985235219613,
    "y": 188.30635580582017,
    "label": 69
  },
  "53": {
    "x": 352.80000000000007,
    "y": 321.6666666666667,
    "label": 91
  },