{
  "25": {
    "x": 136.1192340240008,
    "y": 256.17299004415344,
    "label": 12
  },
  "26": {
    "x": 164.28935590298713,
    "y": 254.270428433208,
    "label": 28
  },
  "44": {
    "x": 180.4608471910492,
    "y": 264.8783633596388,
    "label": 69
  },
  "93": {
    "x": 148.26666666666674,
    "y": 280.5333333333333,
    "label": 58
  },
  "1": {
    "x": 233.00561029541066,
    "y": 271.7880445521871,
    "label": 44
  },
  "21": {
    "x": 218.75849242944778,
    "y": 231.37157995532266,
    "label": 2
  },
  "10": {
    "x": 260.9779199031482,
    "y": 225.2709198584566,
    "label": 35
  },
  "13": {
    "x": 288.31106308352196,
    "y": 250.5601822343494,
    "label": 92
  },
  "71": {
    "x": 289.2,
    "y": 227.53333333333327,
    "label": 54
  },
  "7": {
    "x": 326.02062747391244,
    "y": 230.29929283723166,
    "label": 25
  },
  "0": {
    "x": 324.8782713117902,
    "y": 275.4655805387189,
    "label": 32
  },
  "39": {
    "x": 279.2340270965989,
    "y": 296.2597433786765,
    "label": 10
  },
  "57": {
    "x": 365.1483763342762,
    "y": 253.28880897288772,
    "label": 1
  },
  "2": {
    "x": 396.5310706901785,
    "y": 270.9190522115396,
    "label": 11
  },
  "83": {
    "x": 427.20000000000016,
    "y": 246.03333333333333,
    "label": 33
  },
  "6": {
    "x": 454.15722135327485,
    "y": 259.4341271679752,
    "label": 79
  },
  "91": {
    "x": 493.20000000000016,
    "y": 252.19999999999987,
    "label": 21
  },
  "27": {
    "x": 516.0572662522934,
    "y": 256.0712632805251,
    "label": 8
  },
  "51": {
    "x": 549.0909904425641,
    "y": 262.44219678983796,
    "label": 9
  },
  "52": {
    "x": 587.597939205051,
    "y": 261.165584963551,
    "label": 38
  },
  "89": {
    "x": 561.3000000000001,
    "y": 246.5333333333333,
    "label": 47
  },
  "29": {
    "x": 568.7538382698118,
    "y": 283.32805169312235,
    "label": 36
  },
  "86": {
    "x": 607.5335224834165,
    "y": 250.37758479052928,
    "label": 20
  },
  "36": {
    "x": 625.7474771529589,
    "y": 252.09190027658207,
    "label": 94
  },
  "37": {
    "x": 591.852829551429,
    "y": 237.72468670578564,
    "label": 22
  },
  "53": {
    "x": 630.8055503646557,
    "y": 272.79566521752855,
    "label": 90
  },
  "66": {
    "x": 604.6306461362065,
    "y": 283.78985308557753,
    "label": 93
  },
  "76": {
    "x": 655.9275282333865,
    "y": 254.35318156919644,
    "label": 3
  },
  "81": {
    "x": 655.7216197365477,
    "y": 266.7017331721401,
    "label": 46
  },
  "79": {
    "x": 675.1124375813126,
    "y": 260.344859142629,
    "label": 70
  },
  "45": {
    "x": 560.0045696672578,
    "y": 227.14915902574165,
    "label": 64
  },
  "49": {
    "x": 534.7062958031587,
    "y": 230.77500297686697,
    "label": 78
  },
  "55": {
    "x": 530.525200805669,
    "y": 205.0997463936525,
    "label": 62
  },
  "8": {
    "x": 497.57774189803285,
    "y": 223.40472791208694,
    "label": 97
  },
  "82": {
    "x": 522.7191156712935,
    "y": 192.17340141281568,
    "label": 82
  },
  "12": {
    "x": 543.6954367891742,
    "y": 117.0315925918603,
    "label": 89
  },
  "35": {
    "x": 503.6221349000727,
    "y": 116.76194528173119,
    "label": 86
  },
  "18": {
    "x": 581.76896287845,
    "y": 119.06150399471991,
    "label": 4
  },
  "17": {
    "x": 534.7017449348344,
    "y": 159.1414047147774,
    "label": 39
  },
  "94": {
    "x": 511.29208575293643,
    "y": 130.28934742926006,
    "label": 7
  },
  "5": {
    "x": 503.22976377807504,
    "y": 167.49168037826314,
    "label": 42
  },
  "3": {
    "x": 422.67810031389496,
    "y": 206.48347258951378,
    "label": 48
  },
  "24": {
    "x": 473.9158765086839,
    "y": 166.85682116825544,
    "label": 13
  },
  "77": {
    "x": 447.70017939384786,
    "y": 176.48737492286745,
    "label": 96
  },
  "15": {
    "x": 461.81216232801955,
    "y": 223.80176190289353,
    "label": 60
  },
  "84": {
    "x": 479.0089498683826,
    "y": 193.36492024385262,
    "label": 52
  },
  "43": {
    "x": 390.96619134049456,
    "y": 196.90530308394204,
    "label": 53
  },
  "60": {
    "x": 365.54561076507264,
    "y": 200.47617800779165,
    "label": 63
  },
  "46": {
    "x": 367.7835861900097,
    "y": 235.35640357145485,
    "label": 45
  },
  "54": {
    "x": 252.26666666666665,
    "y": 201.29999999999993,
    "label": 77
  },
  "38": {
    "x": 199.35336419367383,
    "y": 219.94860081232804,
    "label": 31
  },
  "85": {
    "x": 270.49438421000445,
    "y": 201.52731119233275,
    "label": 76
  },
  "75": {
    "x": 561.009646686588,
    "y": 303.8107189312709,
    "label": 30
  },
  "67": {
    "x": 540.6666666666666,
    "y": 293.2000000000001,
    "label": 71
  },
  "78": {
    "x": 538.0666666666667,
    "y": 313.26666666666677,
    "label": 15
  },
  "4": {
    "x": 512.2816869727828,
    "y": 340.88327892331193,
    "label": 19
  },
  "9": {
    "x": 481.2535618033311,
    "y": 325.73547550961854,
    "label": 65
  },
  "33": {
    "x": 452.2120300323401,
    "y": 314.7245083652703,
    "label": 5
  },
  "64": {
    "x": 454.3133824721664,
    "y": 346.80818853647924,
    "label": 87
  },
  "61": {
    "x": 481.7597426306404,
    "y": 366.71318332896516,
    "label": 26
  },
  "62": {
    "x": 499.60000000000014,
    "y": 374.19999999999993,
    "label": 66
  },
  "56": {
    "x": 503.0902377339403,
    "y": 396.1619215421796,
    "label": 56
  },
  "11": {
    "x": 372.339669055708,
    "y": 318.78862021021826,
    "label": 81
  },
  "47": {
    "x": 415.3666666666667,
    "y": 308.5999999999999,
    "label": 88
  },
  "95": {
    "x": 407.1999999999999,
    "y": 332.6666666666667,
    "label": 17
  },
  "70": {
    "x": 392.30270056346825,
    "y": 328.703582980462,
    "label": 59
  },
  "88": {
    "x": 429.1666666666666,
    "y": 319.6666666666667,
    "label": 40
  },
  "69": {
    "x": 333.1391543769788,
    "y": 297.1732964179379,
    "label": 24
  },
  "14": {
    "x": 312.9123486140296,
    "y": 319.03708359996943,
    "label": 91
  },
  "65": {
    "x": 222.5713246606121,
    "y": 308.0861884446505,
    "label": 95
  },
  "20": {
    "x": 263.8917488483891,
    "y": 316.0232260381534,
    "label": 51
  },
  "34": {
    "x": 564.3252501083147,
    "y": 155.8018630115405,
    "label": 72
  },
  "28": {
    "x": 615.5868939963225,
    "y": 129.82783029880417,
    "label": 23
  },
  "90": {
    "x": 616.7224520270196,
    "y": 111.18718990000771,
    "label": 50
  },
  "31": {
    "x": 403.8879714355298,
    "y": 233.29911135593483,
    "label": 67
  },
  "23": {
    "x": 338.76669128848437,
    "y": 197.39605743046604,
    "label": 57
  },
  "41": {
    "x": 300.71074273401433,
    "y": 196.45657669227586,
    "label": 83
  },
  "80": {
    "x": 178.96825366314093,
    "y": 220.87186046854313,
    "label": 49
  },
  "16": {
    "x": 514.1377700934795,
    "y": 288.0694533005983,
    "label": 68
  },
  "40": {
    "x": 477.7727822435055,
    "y": 288.0437812363416,
    "label": 6
  },
  "22": {
    "x": 539.3814694179935,
    "y": 356.4264423210714,
    "label": 84
  },
  "74": {
    "x": 569.2695690382967,
    "y": 365.38407197260017,
    "label": 75
  },
  "48": {
    "x": 537.9032457746947,
    "y": 385.6603375067848,
    "label": 61
  },
  "63": {
    "x": 505.83333333333354,
    "y": 409.30000000000007,
    "label": 27
  },
  "50": {
    "x": 545.821592614675,
    "y": 414.07781302180797,
    "label": 14
  },
  "30": {
    "x": 562.0996033800677,
    "y": 388.53666161164506,
    "label": 73
  },
  "19": {
    "x": 601.6338245137263,
    "y": 393.221564127727,
    "label": 85
  },
  "59": {
    "x": 592.9269912576382,
    "y": 410.7811890161558,
    "label": 18
  },
  "68": {
    "x": 630.0333333333333,
    "y": 391.3333333333333,
    "label": 34
  },
  "42": {
    "x": 450.9503888040572,
    "y": 283.68409045255055,
    "label": 37
  },
  "72": {
    "x": 418.16666666666674,
    "y": 294.73333333333323,
    "label": 29
  },
  "73": {
    "x": 410.0000000000001,