{
  "59": {
    "x": 173.5,
    "y": 446.9333333333334,
    "label": 18
  },
  "55": {
    "x": 173.5,
    "y": 434.1,
    "label": 62
  },
  "58": {
    "x": 186.33333333333331,
    "y": 428.9666666666667,
    "label": 75
  },
  "91": {
    "x": 214.53333333333336,
    "y": 380.2333333333333,
    "label": 47
  },
  "56": {
    "x": 191.46666666666664,
    "y": 387.9333333333332,
    "label": 56
  },
  "8": {
    "x": 234.20000000000002,
    "y": 352.0333333333333,
    "label": 99
  },
  "30": {
    "x": 193.2,
    "y": 340.96666666666664,
    "label": 74
  },
  "20": {
    "x": 276.1,
    "y": 390.5333333333333,
    "label": 51
  },
  "44": {
    "x": 272.6666666666667,
    "y": 427.26666666666654,
    "label": 70
  },
  "69": {
    "x": 299.1802884223136,
    "y": 446.0889482724162,
    "label": 34
  },
  "88": {
    "x": 276.1,
    "y": 439.2333333333333,
    "label": 20
  },
  "23": {
    "x": 273.5333333333333,
    "y": 364.90000000000003,
    "label": 57
  },
  "28": {
    "x": 374.3666666666666,
    "y": 266.6,
    "label": 23
  },
  "43": {
    "x": 272.6666666666667,
    "y": 269.13333333333327,
    "label": 53
  },
  "49": {
    "x": 229.93333333333328,
    "y": 284.53333333333336,
    "label": 80
  },
  "2": {
    "x": 203.39999999999998,
    "y": 224.70000000000002,
    "label": 11
  },
  "13": {
    "x": 195.45302915284938,
    "y": 255.5098086219985,
    "label": 94
  },
  "16": {
    "x": 158.13333333333333,
    "y": 246.9,
    "label": 69
  },
  "5": {
    "x": 241.03333333333336,
    "y": 168.23333333333335,
    "label": 42
  },
  "62": {
    "x": 241.0333333333333,
    "y": 258.03333333333336,
    "label": 66
  },
  "76": {
    "x": 235.0333333333333,
    "y": 222.96666666666673,
    "label": 30
  },
  "54": {
    "x": 280.3333333333333,
    "y": 247.7666666666667,
    "label": 79
  },
  "70": {
    "x": 251.26666666666665,
    "y": 143.43333333333334,
    "label": 24
  },
  "27": {
    "x": 264.1,
    "y": 150.26666666666665,
    "label": 8
  },
  "4": {
    "x": 315.4333333333334,
    "y": 145.2,
    "label": 19
  },
  "22": {
    "x": 315.4333333333334,
    "y": 235.80000000000004,
    "label": 86
  },
  "53": {
    "x": 320.5666666666667,
    "y": 214.4333333333333,
    "label": 92
  },
  "77": {
    "x": 342.73333333333335,
    "y": 267.4333333333333,
    "label": 98
  },
  "78": {
    "x": 353.8333333333333,
    "y": 281.1,
    "label": 3
  },
  "68": {
    "x": 340.20000000000005,
    "y": 249.46666666666667,
    "label": 59
  },
  "11": {
    "x": 370.2666666666667,
    "y": 236.63333333333333,
    "label": 83
  },
  "21": {
    "x": 344.5919853807687,
    "y": 154.67467178678342,
    "label": 2
  },
  "6": {
    "x": 382.85499086973476,
    "y": 165.3761320503088,
    "label": 81
  },
  "65": {
    "x": 403.4666666666666,
    "y": 132.36666666666667,
    "label": 97
  },
  "74": {
    "x": 402.6,
    "y": 216.9666666666666,
    "label": 76
  },
  "1": {
    "x": 459.8583119821912,
    "y": 200.7424927989429,
    "label": 44
  },
  "50": {
    "x": 399.16666666666663,
    "y": 181.06666666666663,
    "label": 14
  },
  "94": {
    "x": 436.8,
    "y": 333.23333333333335,
    "label": 43
  },
  "24": {
    "x": 408.6,
    "y": 363.1666666666667,
    "label": 13
  },
  "31": {
    "x": 407.66078994574497,
    "y": 397.1744582741809,
    "label": 67
  },
  "64": {
    "x": 411.92745661241156,
    "y": 406.574458274181,
    "label": 89
  },
  "73": {
    "x": 392.3,
    "y": 452.9333333333334,
    "label": 29
  },
  "15": {
    "x": 479.4582323053291,
    "y": 311.2691386033321,
    "label": 60
  },
  "3": {
    "x": 450.20000000000005,
    "y": 277.70000000000005,
    "label": 48
  },
  "35": {
    "x": 463.26666666666665,
    "y": 340.0666666666667,
    "label": 88
  },
  "63": {
    "x": 494.89999999999986,
    "y": 385.4000000000001,
    "label": 27
  },
  "46": {
    "x": 514.1047727591905,
    "y": 406.3566811066579,
    "label": 45
  },
  "60": {
    "x": 507.69999999999993,
    "y": 436.70000000000005,
    "label": 63
  },
  "96": {
    "x": 497.038106092524,
    "y": 408.9233477733245,
    "label": 7
  },
  "82": {
    "x": 502.5977518374405,
    "y": 452.5011240812797,
    "label": 49
  },
  "79": {
    "x": 532.5000000000001,
    "y": 246.0333333333333,
    "label": 17
  },
  "95": {
    "x": 482.9333333333334,
    "y": 246.0666666666667,
    "label": 58
  },
  "42": {
    "x": 569.3000000000001,
    "y": 245.21111111111114,
    "label": 37
  },
  "57": {
    "x": 477.26649218607014,
    "y": 143.63568518578833,
    "label": 1
  },
  "52": {
    "x": 483.76666666666665,
    "y": 117.0,
    "label": 38
  },
  "40": {
    "x": 477.291470834928,
    "y": 158.97817798473127,
    "label": 6
  },
  "98": {
    "x": 515.4333333333333,
    "y": 163.1666666666667,
    "label": 16
  },
  "34": {
    "x": 523.0999999999999,
    "y": 148.63333333333333,
    "label": 73
  },
  "9": {
    "x": 546.1666666666667,
    "y": 164.0,
    "label": 65
  },
  "19": {
    "x": 578.6666666666666,
    "y": 225.5666666666667,
    "label": 87
  },
  "10": {
    "x": 589.8000000000001,
    "y": 227.26666666666665,
    "label": 35
  },
  "84": {
    "x": 644.4666666666666,
    "y": 284.5333333333334,
    "label": 84
  },
  "75": {
    "x": 625.0655370950738,
    "y": 294.3997099748613,
    "label": 41
  },
  "67": {
    "x": 624.0,
    "y": 316.1333333333333,
    "label": 72
  },
  "48": {
    "x": 578.7510330970659,
    "y": 400.74710425215807,
    "label": 61
  },
  "0": {
    "x": 450.1916453155245,
    "y": 164.77582613227625,
    "label": 32
  },
  "14": {
    "x": 208.56666666666663,
    "y": 278.56666666666666,
    "label": 93
  },
  "87": {
    "x": 350.5586520474354,
    "y": 188.8746717867834,
    "label": 77
  },
  "81": {
    "x": 464.73333333333335,
    "y": 277.7,
    "label": 71
  },
  "25": {
    "x": 514.5666666666666,
    "y": 215.30000000000004,
    "label": 12
  },
  "61": {
    "x": 282.93057583130576,
    "y": 177.676399026764,
    "label": 26
  },
  "12": {
    "x": 398.30000000000007,
    "y": 328.1333333333334,
    "label": 91
  },
  "38": {
    "x": 406.8333333333334,
    "y": 298.2000000000001,
    "label": 31
  },
  "80": {
    "x": 477.0733333333333,
    "y": 286.67333333333335,
    "label": 15
  },
  "97": {
    "x": 504.30000000000007,
    "y": 352.0333333333333,
    "label": 78
  },
  "51": {
    "x": 451.30000000000007,
    "y": 240.10000000000002,
    "label": 9
  },
  "47": {
    "x": 391.4666666666667,
    "y": 207.56666666666663,
    "label": 90
  },
  "17": {
    "x": 581.1999999999999,
    "y": 162.30000000000004,
    "label": 39
  },
  "85": {
    "x": 310.2666666666667,
    "y": 269.1333333333334,
    "label": 33
  },
  "92": {
    "x": 352.99999999999994,
    "y": 308.43333333333334,
    "label": 50
  },
  "86": {
    "x": 594.9333333333335,
    "y": 245.20000000000002,
    "label": 52
  },
  "71": {
    "x": 622.2666666666667,
    "y": 234.06666666666666,
    "label": 68
  },
  "83": {
    "x": 593.0555025584795,
    "y": 270.29355628654974,
    "label": 46
  },
  "66": {
    "x": 609.7235072917397,
    "y": 382.2376605291869,
    "label": 95
  },
  "36": {
    "x": 229.9333333333333,
    "y": 305.0666666666667,
    "label": 96
  },
  "33": {
    "x": 245.33333333333331,
    "y": 317.03333333333336,
    "label": 5
  },
  "39": {
    "x": 300.86666666666673,
    "y": 305.03333333333325,
    "label": 10
  },
  "45": {
    "x": 282.06666666666666,
    "y": 296.5,
    "label": 64
  },
  "72": {
    "x": 324.8,
    "y": 318.7,
    "label": 54
  },
  "37": {
    "x": 241.23319516156397,
    "y": 202.46653091896346,
    "label": 22
  },
  "18": {
    "x": 287.23333333333335,
    "y": 204.2,
    "label": 4
  },
  "93": {
    "x": 308.59999999999997,
    "y": 201.63333333333333,
    "label": 21
  },
  "41": {
    "x": 336.8919853807687,
    "y": 175.20800512011675,
    "label": 85
  },
  "29": {
    "x": 423.96666666666675,
    "y": 234.9666666666666,
    "label": 36
  },
  "90": {
    "x": 413.6666666666667,