{
  "57": {
    "x": 167.94742788010032,
    "y": 450.4128836174672,
    "label": 1
  },
  "53": {
    "x": 167.40346663324158,
    "y": 427.4803871390049,
    "label": 92
  },
  "56": {
    "x": 188.66994489190336,
    "y": 414.9613960717818,
    "label": 56
  },
  "94": {
    "x": 215.66189234413372,
    "y": 379.09743736010614,
    "label": 43
  },
  "54": {
    "x": 187.58064866151435,
    "y": 385.2415308579748,
    "label": 79
  },
  "6": {
    "x": 224.21572768978183,
    "y": 348.17827871310925,
    "label": 81
  },
  "88": {
    "x": 192.65356703428895,
    "y": 339.9289478215947,
    "label": 20
  },
  "22": {
    "x": 264.1090752568853,
    "y": 387.3401289260387,
    "label": 86
  },
  "44": {
    "x": 272.6779011992824,
    "y": 420.46001046364614,
    "label": 70
  },
  "72": {
    "x": 297.4019763773614,
    "y": 449.7477357956818,
    "label": 54
  },
  "92": {
    "x": 270.5103565622111,
    "y": 448.4681049231193,
    "label": 50
  },
  "25": {
    "x": 269.5814030706588,
    "y": 351.6870967577733,
    "label": 12
  },
  "30": {
    "x": 376.89731329247746,
    "y": 276.5882445952943,
    "label": 74
  },
  "42": {
    "x": 275.48821999256785,
    "y": 271.80014864362687,
    "label": 37
  },
  "49": {
    "x": 239.2588351042897,
    "y": 282.0344411648957,
    "label": 80
  },
  "1": {
    "x": 195.48722583594605,
    "y": 211.1243994362936,
    "label": 44
  },
  "13": {
    "x": 203.3905080615297,
    "y": 249.97400000817956,
    "label": 94
  },
  "89": {
    "x": 188.03333333333333,
    "y": 315.29999999999995,
    "label": 82
  },
  "20": {
    "x": 161.7029607568001,
    "y": 251.369496101063,
    "label": 51
  },
  "10": {
    "x": 221.92976275479015,
    "y": 167.5723724621373,
    "label": 35
  },
  "61": {
    "x": 245.42612692562778,
    "y": 250.66973391667423,
    "label": 26
  },
  "32": {
    "x": 229.75958373830863,
    "y": 205.11994510274886,
    "label": 55
  },
  "52": {
    "x": 271.2669184421177,
    "y": 242.43601673872658,
    "label": 38
  },
  "73": {
    "x": 242.46453420511858,
    "y": 141.87790219716854,
    "label": 29
  },
  "29": {
    "x": 273.60496204639475,
    "y": 138.31354739724188,
    "label": 36
  },
  "3": {
    "x": 304.285250691174,
    "y": 150.37568877294171,
    "label": 48
  },
  "24": {
    "x": 306.2649554676214,
    "y": 240.88480472332137,
    "label": 13
  },
  "12": {
    "x": 321.7881967014616,
    "y": 207.0348296394276,
    "label": 91
  },
  "79": {
    "x": 333.99285797861654,
    "y": 274.3139151417211,
    "label": 17
  },
  "81": {
    "x": 353.52751219644216,
    "y": 278.7891115035625,
    "label": 71
  },
  "70": {
    "x": 335.70372294372294,
    "y": 249.4666666666667,
    "label": 24
  },
  "9": {
    "x": 365.37615772376597,
    "y": 233.9885167977302,
    "label": 65
  },
  "23": {
    "x": 346.61264195102007,
    "y": 149.4313515247315,
    "label": 57
  },
  "5": {
    "x": 377.06484443684906,
    "y": 166.91549217207762,
    "label": 42
  },
  "66": {
    "x": 409.81131086716664,
    "y": 130.63388501145647,
    "label": 95
  },
  "67": {
    "x": 411.0239934851893,
    "y": 205.1651830630546,
    "label": 72
  },
  "63": {
    "x": 402.1077690388364,
    "y": 172.04612254558282,
    "label": 27
  },
  "96": {
    "x": 444.30787473716265,
    "y": 333.84930047545464,
    "label": 7
  },
  "26": {
    "x": 414.53740902418554,
    "y": 361.5062092395659,
    "label": 28
  },
  "33": {
    "x": 401.6845102773628,
    "y": 391.52411874443095,
    "label": 5
  },
  "64": {
    "x": 399.2856278600963,
    "y": 417.5869647341269,
    "label": 89
  },
  "77": {
    "x": 383.5476154774687,
    "y": 446.8753726511338,
    "label": 98
  },
  "17": {
    "x": 477.23798807026355,
    "y": 315.30753122097536,
    "label": 39
  },
  "2": {
    "x": 436.5401254816893,
    "y": 287.7694035137225,
    "label": 11
  },
  "36": {
    "x": 473.0680383401852,
    "y": 348.385582751047,
    "label": 96
  },
  "62": {
    "x": 486.4073116597813,
    "y": 376.8568742786658,
    "label": 66
  },
  "46": {
    "x": 510.76845739808135,
    "y": 392.2122563835476,
    "label": 45
  },
  "59": {
    "x": 511.9205119967873,
    "y": 440.15647270019497,
    "label": 18
  },
  "97": {
    "x": 494.141634699772,
    "y": 412.8854179764801,
    "label": 78
  },
  "85": {
    "x": 492.47264602019584,
    "y": 446.66184555260924,
    "label": 33
  },
  "82": {
    "x": 525.1310715061353,
    "y": 244.46773355775147,
    "label": 49
  },
  "58": {
    "x": 488.8752174500312,
    "y": 237.59954188108009,
    "label": 75
  },
  "41": {
    "x": 560.711660212166,
    "y": 235.96762076952643,
    "label": 85
  },
  "39": {
    "x": 472.0814167281831,
    "y": 129.1042044336148,
    "label": 10
  },
  "43": {
    "x": 496.6326337814448,
    "y": 126.29232322811126,
    "label": 53
  },
  "15": {
    "x": 500.2860795945848,
    "y": 165.3602622512435,
    "label": 60
  },
  "50": {
    "x": 521.5568623526452,
    "y": 138.83105007364526,
    "label": 14
  },
  "7": {
    "x": 543.9791299569798,
    "y": 184.48708681676845,
    "label": 25
  },
  "21": {
    "x": 573.3110921739972,
    "y": 209.50740877078906,
    "label": 2
  },
  "8": {
    "x": 601.7724654251349,
    "y": 206.42568128888004,
    "label": 99
  },
  "87": {
    "x": 644.4666666666666,
    "y": 284.5333333333334,
    "label": 77
  },
  "78": {
    "x": 621.0337442928908,
    "y": 286.8176855870979,
    "label": 3
  },
  "69": {
    "x": 615.7404705040019,
    "y": 311.5423180323002,
    "label": 34
  },
  "48": {
    "x": 561.3897537189406,
    "y": 393.7401912565052,
    "label": 61
  },
  "4": {
    "x": 446.96411003588605,
    "y": 207.0288091634376,
    "label": 19
  },
  "0": {
    "x": 441.68264902747114,
    "y": 146.3774843199791,
    "label": 32
  },
  "14": {
    "x": 199.95115654185815,
    "y": 284.6090026777631,
    "label": 93
  },
  "80": {
    "x": 348.8615349131348,
    "y": 186.9471189103651,
    "label": 15
  },
  "84": {
    "x": 466.71700513870724,
    "y": 277.9083688871191,
    "label": 84
  },
  "27": {
    "x": 518.2223709573283,
    "y": 209.38069265537018,
    "label": 8
  },
  "60": {
    "x": 270.074800574126,
    "y": 173.84055449535114,
    "label": 63
  },
  "11": {
    "x": 406.4034243198163,
    "y": 329.2144983224127,
    "label": 83
  },
  "38": {
    "x": 401.215958752762,
    "y": 290.88751125296665,
    "label": 31
  },
  "83": {
    "x": 479.77620845761794,
    "y": 280.90030797320037,
    "label": 46
  },
  "98": {
    "x": 499.7290748686768,
    "y": 346.715986800331,
    "label": 16
  },
  "65": {
    "x": 434.74572345148346,
    "y": 246.25812037033126,
    "label": 97
  },
  "47": {
    "x": 383.76281492484804,
    "y": 209.57071255920619,
    "label": 90
  },
  "18": {
    "x": 581.6896090461876,
    "y": 164.94438646363562,
    "label": 4
  },
  "90": {
    "x": 306.7769642797102,
    "y": 273.93380198270756,
    "label": 40
  },
  "95": {
    "x": 357.2604450484494,
    "y": 305.03798573590996,
    "label": 58
  },
  "91": {
    "x": 600.6079018880964,
    "y": 238.33867613332916,
    "label": 47
  },
  "74": {
    "x": 622.053702891933,
    "y": 248.65850654490103,
    "label": 76
  },
  "86": {
    "x": 599.627206367828,
    "y": 270.70792027800474,
    "label": 52
  },
  "68": {
    "x": 603.2127247602157,
    "y": 381.4579833718136,
    "label": 59
  },
  "37": {
    "x": 220.5266432403973,
    "y": 311.645437793198,
    "label": 22
  },
  "35": {
    "x": 251.47099802486352,
    "y": 315.80581851980946,
    "label": 88
  },
  "40": {
    "x": 301.0161153519932,
    "y": 312.6879999317738,
    "label": 6
  },
  "45": {
    "x": 278.1230874290318,
    "y": 304.12659134609146,
    "label": 64
  },
  "75": {
    "x": 324.06486815316606,
    "y": 304.969997737847,
    "label": 41
  },
  "55": {
    "x": 252.94798244071168,
    "y": 199.00524838823318,
    "label": 62
  },
  "19": {
    "x": 279.7494836624735,
    "y": 208.53698328498618,
    "label": 87
  },